{"result_type":"SUCCESS","ranking":[0,2,4,1,5,3,6,7],"final_masses":{"0":45.817499026390145,"1":1.6412199419426126,"2":2.4146029965073232,"3":1.167193585964935,"4":1.8022735232000702,"5":1.385439478220376,"6":0.0,"7":0.0}}