{"result_type":"SUCCESS","ranking":[0,4,1,6,7,3,2,5],"final_masses":{"0":13.168877102938367,"1":2.076421033711328,"2":1.213988619001815,"3":1.5900184504818393,"4":2.4785547339028056,"5":0.8347482417908185,"6":2.0620931687091053,"7":1.676969568680459}}