{"result_type":"SUCCESS","ranking":[7,1,5,3,6,0,2,4],"final_masses":{"0":1.1672613332539503,"1":22.51742642858759,"2":0.0,"3":2.398096556438123,"4":0.0,"5":2.947873094191002,"6":1.906647684380872,"7":28.48740497889787}}