{"result_type":"SUCCESS","ranking":[0,6,2,1,3,4,7,5],"final_masses":{"0":47.433122270805065,"1":1.2215482632254977,"2":1.34764381643247,"3":1.2083038630721143,"4":1.0364999688385585,"5":0.9326852854436606,"6":3.7909686940548823,"7":0.9404277210181277}}